username5646,123456789,123456789,emaisl1@abc.com123
user123135,123456789,123456789,email
username123445353535545353t53,123456789,123456789,emaisl1@abc.com
uname12346,1234567890123,1234567890123,email
username123445353535545353t53,1234567890123,1234567890123,emaisl1@abc.com
uname12345,123456789,1234567890123,email
username123445353535545353t53,1234567890123,123456789,emaisl1@abc.com
uname12345,1234567890123,1234567890123,emaisl1@abc.com
username123445353535545353t53,123456789,123456789,email
username123445353535545353t53,1234567890123,1234567890123,email
uname12345,1234567890123,123456789,emaisl1@abc.com
username123445353535545353t53,123456789,1234567890123,email
uname12345,123456789,1234567890123,emaisl1@abc.com
username123445353535545353t53,1234567890123,123456789,email
uname12345,123456789,123456789,null
uname12345,123456789,null,emaisl1@abc.com
uname12345,null,123456789,emaisl1@abc.com
null,123456789,123456789,emaisl1@abc.com
null,null,null,null
uname458823,123456789,123456789,vu@example.com
11111,123456789,123456789,emais34l1@abc.com
